{
	"assignment": {
		"ATT": [
			"learner-0.1_0.8_evalweights"
		],

		"DEF": [
		]
	},

	"configuration":{
		"endTime": "1000",
		"dtCost": "0.0",
		"prCost": "0.5",
		"runs per sample": "1",
		"alpha": "0.05",
		"downTime": "7",
        "Probe miss rate": "0.3",
        "False probe rate": "0",
        "Attacker Control Slope": "5",
        "Attacker Control Shift": "0.5",
        "Attacker Down Slope": "5",
        "Attacker Down Shift": "0.5",
        "Attacker Control Weight" : "0",
        "Defender Control Slope" : "5",
        "Defender Control Shift": "0.5",
        "Defender Down Slope": "5",
        "Defender Down Shift": "0.5",
        "Defender Control Weight": "1",
        "resources": "10",
	"attackerWeightFile": "ATT_DEF_AC_DA_0.5_0.3/LA21/",
	"defenderWeightFile": "ATT_DEF_AC_DA_0.5_0.3/LA21/def"
 
	}


}
